Channel,clv_12m,net_clv_12m
Organic,2058252.6731225965,2052072.6731225965
Paid Search,1904882.9627412697,1889267.9627412697
Social,1342589.8852812194,1332533.8852812194
Referral,1210871.9347418507,1205679.9347418507
Email,735837.8976957436,734137.8976957436
