Loyalty,clv_12m,net_clv_12m
0,5530573.790663516,5501483.790663516
1,1721861.5629191636,1712208.5629191636
