clv_segment,clv_12m,net_clv_12m,customers
Low (≤£100),17961.009374205656,14710.009374205656,357
Mid (£101–£300),127640.49523814437,121657.49523814437,648
High (£301–£1k),846185.8736876968,833217.8736876968,1398
Elite (£1k+),6260647.975282633,6244106.975282633,1786
